,AgeGroup,Female,Male,F_rate,M_rate
0,15-19,51291,21435,0.005291753691568478,0.0114404812100704
1,20-29,2288515,460656,0.2361088241496527,0.24586546826714203
2,30-39,3557536,654242,0.36703523543872724,0.34918793131975173
3,40-49,2458593,516393,0.25365597441684545,0.27561392178735167
4,50-59,1128193,203187,0.11639701843504156,0.10844679522419287
5,60-65,208500,17697,0.02151119386816455,0.009445402191491292
